MATCH|CLUB|PLAYER|CARD|INFO
3546473|10492|592364|Y|Foul
3546473|28022|672292|Y|Foul
3546473|10492|726005|Y|Dissent
3546467|221|74758|Y|Foul
3546467|10010|689737|Y|Foul
3546467|10010|741021|Y|Foul
3546467|221|167825|Y|Null
3546467|221|347913|Y|Foul
3546467|10010|212114|Y|Foul
3546466|585|225617|Y|Dissent
3546466|2462|76608|Y|Foul
3546466|2462|346935|Y|Null
3546470|330|385271|Y|Foul
3546470|10870|189682|Y|Dissent
3546470|10870|51716|Y|Dissent
3546470|330|341701|Y|Dissent
3546470|10870|344626|Y|Foul
3546470|10870|607854|Y|Foul
3546464|1023|439072|Y|Foul
3546464|1023|737821|Y|Foul
3546464|1023|674732|Y|Foul
3546464|614|172054|Y|Foul
3546464|614|213605|Y|Time wasting
3546471|210|346922|Y|Foul
3546471|210|32568|Y|Null
3546471|2029|401539|Y|Foul
3546471|2029|375242|Y|Dissent
3546471|2029|486078|Y|Foul
3546471|210|711338|Y|Foul
3546468|17776|227986|Y|Foul
3546469|199|725049|Y|Foul
3546469|15172|538107|Y|Foul
3546469|15172|364972|Y|Null
3546469|199|97507|Y|Null
3546469|199|258070|Y|Foul
3546469|199|403148|Y|Null
3546469|15172|440652|Y|Null
3546469|199|313106|Y|Foul
3546472|679|149572|Y|Null
3546472|2863|539183|Y|Foul
3546472|2863|476336|Y|Foul
3546465|6600|368468|Y|Dissent
3546465|6600|678439|Y|Foul
3546465|8718|362835|Y|Foul
3546465|6600|605893|Y|Foul
3546465|6600|571219|Y|Foul
3546465|8718|292152|Y|Foul
3546476|585|552240|Y|Null
3546476|15172|322588|Y|Foul
3546476|585|403296|Y|Null
3546476|15172|538107|Y|Foul
3546476|15172|727853|Y|Foul
3546476|15172|670940|Y|Foul
3546476|585|225617|Y|Null
3546476|585|468304|Y|Null
3546476|585|227671|Y|Dissent
3546478|8793|538978|Y|Null
3546478|10010|378975|Y|Null
3546478|10010|686332|Y|Null
3546478|8793|612162|Y|Foul
3546478|10010|346870|Y|Foul
3546478|10010|555018|Y|Foul
3546479|221|76100|Y|Foul
3546479|221|167825|Y|Foul
3546479|2029|742855|Y|Foul
3546479|221|347913|Y|Foul
3546481|28022|392809|Y|Foul
3546481|2462|815558|Y|Foul
3546481|2462|346935|Y|Null
3546474|2863|294804|Y|Foul
3546474|199|403148|Y|Null
3546474|199|213606|Y|Time wasting
3546474|2863|423839|Y|Foul
3546474|199|97507|Y|Foul
3546483|6600|815686|Y|Foul
3546483|10870|347909|Y|Foul
3546483|6600|368468|Y|Dissent
3546483|6600|186399|Y|Dissent
3546483|6600|681693|R|Serious foul
3546483|6600|868073|R|Null
3546483|6600|574765|Y|Dissent
3546475|679|522131|Y|Foul
3546475|679|788861|Y|Foul
3546480|1023|674732|Y|Null
3546480|1023|432953|Y|Dissent
3546477|330|338861|Y|Null
3546477|8718|582301|Y|Foul
3546477|330|341701|Y|Foul
3546477|8718|840431|Y|Dissent
3546477|8718|292152|Y|Foul
3546482|210|711338|Y|Dissent
3546482|210|218118|Y|Foul
3546482|210|711338|R|Foul
3546482|614|212209|Y|Foul
3546482|210|491553|Y|Dissent
3546482|210|555016|R|Null
3546482|614|281404|Y|Foul
3571593|1023|662325|Y|Foul
3571593|1023|674732|Y|Dissent
3571593|1023|35537|Y|Foul
3571594|10492|128823|Y|Foul
3571594|221|215212|Y|Foul
3571594|221|347913|Y|Foul
3571594|10492|726005|Y|Handball
3571594|10492|435253|Y|Handball
3571595|585|177534|Y|Foul
3571596|679|658678|Y|Null
3571596|210|552549|Y|Null
3571596|679|788861|Y|Foul
3571596|210|346922|Y|Foul
3571596|210|33947|Y|Foul
3571596|679|530737|Y|Foul
3571596|679|653348|Y|Time wasting
3571596|210|689017|Y|Dissent
3571596|210|50047|Y|Dissent
3571597|8793|735568|Y|Foul
3571597|2462|800175|Y|Foul
3571597|8793|612162|Y|Foul
3571597|8793|270188|Y|Foul
3571598|10010|598975|Y|Foul
3571598|10010|646361|Y|Foul
3571598|6600|670969|Y|Null
3571598|6600|489893|Y|Foul
3571598|10010|741021|Y|Foul
3571598|6600|605893|R|Violent conduct
3571598|6600|76028|Y|Null
3571598|6600|681692|Y|Null
3571598|10010|561214|Y|Foul
3571599|8718|282502|Y|Foul
3571599|10870|55250|Y|Foul
3571599|8718|72438|Y|Foul
3571599|10870|55243|Y|Foul
3571599|10870|373189|Y|Foul
3571599|8718|357091|R|Serious foul
3571599|8718|348261|Y|Handball
3571601|2029|645600|Y|Foul
3571601|2029|401539|Y|Null
3571601|17776|555634|Y|Null
3571601|17776|564684|Y|Dissent
3571602|15172|538107|R|Serious foul
3571602|28022|257057|Y|Null
3571602|15172|670940|Y|Dissent
3571602|28022|128855|Y|Foul
3571602|15172|291963|Y|Dissent
3571602|28022|742025|Y|Foul
3571602|28022|41052|Y|Foul
3571602|15172|552242|Y|Foul
3571602|15172|375690|Y|Foul
3571602|28022|373194|Y|Null
3572009|585|468304|R|Serious foul
3572009|17776|118007|Y|Null
3572009|585|401526|Y|Foul
3572009|585|223560|Y|Dissent
3572009|585|552240|Y|Foul
3572009|17776|390370|Y|Foul
3572010|6600|489893|Y|Foul
3572010|330|346766|Y|Foul
3572010|6600|104326|Y|Foul
3572010|6600|99439|Y|Dissent
3572011|199|101469|Y|Handball
3572011|199|50144|Y|Dissent
3572012|1023|75435|Y|Null
3572012|1023|608216|Y|Foul
3572012|1023|542598|Y|Foul
3572016|2863|75111|Y|Null
3572016|28022|392809|Y|Dissent
3572017|2029|131101|Y|Foul
3572017|10010|346870|Y|Foul
3572017|2029|155470|Y|Diving
3572017|10010|686332|Y|Foul
3572017|10010|561214|Y|Time wasting
3572017|2029|435163|Y|Dissent
3572017|10010|554061|Y|Foul
3572014|8718|104509|Y|Dissent
3572014|8718|348261|Y|Foul
3572014|8718|282502|Y|Null
3572014|210|552549|Y|Null
3572014|210|372013|Y|Foul
3572014|210|145400|Y|Null
3572014|210|33947|Y|Null
3572014|8718|840431|Y|Foul
3572014|8718|142216|Y|Foul
3572015|221|177845|Y|Null
3572015|221|167825|Y|Handball
3572015|221|606850|Y|Null
3572015|2462|601011|Y|Null
3572015|2462|346935|Y|Foul
3572015|2462|668265|Y|Time wasting
3572015|2462|76608|Y|Time wasting
3572018|10870|508930|Y|Foul
3572018|15172|520480|Y|Foul
3572018|15172|322588|Y|Foul
3572018|15172|538107|Y|Foul
3572013|679|261309|Y|Foul
3572013|679|45431|Y|Foul
3572013|614|288431|Y|Null
3572013|679|404321|Y|Foul
3572013|679|643750|Y|Null
3572013|614|203394|Y|Foul
3572020|614|353108|Y|Foul
3572020|8793|101506|Y|Null
3572020|8793|440658|Y|Foul
3572020|8793|270188|Y|Foul
3572020|614|210747|Y|Null
3572021|1023|737821|Y|Foul
3572021|1023|662325|Y|Foul
3572021|2863|312684|Y|Foul
3572021|1023|112940|Y|Dissent
3572021|2863|543614|Y|Dissent
3572021|2863|494839|Y|Dissent
3572021|2863|401532|Y|Dissent
3572022|2029|728558|Y|Foul
3572022|6600|681692|Y|Foul
3572022|2029|350342|Y|Foul
3572022|6600|605893|Y|Foul
3572022|2029|538234|Y|Foul
3572023|199|725049|Y|Foul
3572023|199|213606|Y|Foul
3572023|10010|741021|Y|Dissent
3572023|199|258070|Y|Foul
3572019|221|620477|Y|Foul
3572019|585|225617|Y|Foul
3572019|585|553469|Y|Foul
3572019|585|552240|Y|Foul
3572019|221|646404|Y|Foul
3572019|585|189418|Y|Dissent
3572024|679|261309|Y|Foul
3572024|15172|519854|Y|Null
3572024|679|788861|Y|Null
3572024|15172|305428|Y|Dissent
3572025|10870|273442|Y|Foul
3572025|10870|689521|Y|Dissent
3572025|10870|267849|Y|Foul
3572027|10492|104590|Y|Foul
3572027|10492|686333|Y|Foul
3572027|10492|726005|Y|Foul
3572027|10492|868101|Y|Foul
3572028|330|80562|Y|Foul
3572028|17776|624291|Y|Dissent
3572026|210|346922|Y|Foul
3572026|28022|672292|Y|Null
3572026|210|33947|Y|Foul
3572026|210|789082|Y|Foul
3572026|210|555015|Y|Dissent
3572026|210|351903|Y|Foul
3580694|614|735570|Y|Foul
3580694|10870|373189|Y|Null
3580695|15172|670940|Y|Null
3580695|2462|875328|Y|Dissent
3580695|2462|520454|Y|Foul
3580695|15172|440652|Y|Foul
3580695|15172|291963|Y|Time wasting
3580695|2462|800175|Y|Foul
3580696|1023|75435|Y|Foul
3580696|8793|468247|Y|Time wasting
3580696|8793|101506|Y|Time wasting
3580696|8793|70784|Y|Foul
3580696|1023|330085|Y|Foul
3580696|1023|147361|Y|Foul
3580698|585|729264|Y|Foul
3580698|28022|672292|Y|Foul
3580700|2863|206097|Y|Null
3580700|2863|250010|Y|Foul
3580700|10492|128823|Y|Foul
3580700|2863|206097|R|Foul
3580700|10492|544895|Y|Dissent
3580701|8718|834444|Y|Null
3580701|8718|346072|Y|Foul
3580702|330|346766|Y|Foul
3580702|2029|553727|Y|Foul
3580702|2029|435163|Y|Null
3580702|330|364261|Y|Dissent
3580702|330|330114|Y|Null
3580702|2029|870488|Y|Foul
3580702|330|72489|Y|Foul
3580703|17776|626138|Y|Null
3580703|6600|670968|Y|Foul
3580703|6600|815686|Y|Foul
3580703|17776|555634|Y|Foul
3580703|6600|169052|Y|Dissent
3580703|17776|564684|R|Violent conduct
3580703|6600|815686|R|Violent conduct
3580703|6600|99439|R|Violent conduct
3580697|210|33315|Y|Dissent
3580697|221|97507|Y|Foul
3580697|221|215212|Y|Dissent
3580697|210|689017|Y|Time wasting
3580697|221|74758|Y|Foul
3580699|679|530737|R|Serious foul
3580699|10010|561214|Y|Foul
3580699|679|633212|Y|Foul
3580699|679|432967|R|Violent conduct
3580699|10010|418530|Y|Foul
3580707|10492|686333|Y|Foul
3580707|614|594226|Y|Null
3580707|10492|518361|Y|Time wasting
3580708|2462|175179|Y|Null
3580708|199|403148|Y|Foul
3580708|2462|76608|R|Serious foul
3580708|2462|271666|Y|Dissent
3580708|2462|800176|Y|Foul
3580705|10870|607854|Y|Foul
3580705|210|75615|Y|Foul
3580705|10870|688684|Y|Foul
3580705|210|145400|R|Null
3580705|210|167724|Y|Dissent
3580705|10870|55250|Y|Dissent
3580705|10870|76191|Y|Foul
3580706|1023|808509|Y|Foul
3580706|10010|212114|Y|Dissent
3580706|10010|741021|Y|Handball
3580706|10010|689737|Y|Null
3580706|10010|392487|Y|Null
3580706|1023|340840|Y|Handball
3580710|17776|432957|Y|Foul
3580710|679|484848|Y|Foul
3580709|330|385271|Y|Foul
3580709|221|74758|Y|Foul
3580709|330|346766|Y|Foul
3580709|221|76100|Y|Null
3580709|221|275412|Y|Time wasting
3580709|330|480774|Y|Foul
3580709|330|385271|R|Foul
3580709|221|255989|Y|Foul
3580711|2029|155470|Y|Null
3580711|585|225617|Y|Null
3580711|585|52897|Y|Unsporting behaviour
3580711|585|52897|Y|Null
3580711|2029|553727|Y|Foul
3580711|585|37418|Y|Foul
3580711|2029|742855|Y|Foul
3580711|585|177534|Y|Foul
3580711|585|189418|Y|Null
3580711|2029|80815|Y|Foul
3580711|585|729264|Y|Foul
3580712|28022|672292|Y|Dissent
3580713|6600|605893|Y|Null
3580713|6600|186399|Y|Foul
3580713|2863|75080|Y|Foul
3580713|2863|53999|Y|Null
3580713|6600|169052|Y|Dissent
3580714|8793|580572|Y|Null
3580714|15172|440652|Y|Foul
3580714|15172|519851|Y|Dissent
3580714|8793|74314|Y|Foul
3580715|17776|432957|Y|Foul
3580715|10870|323838|Y|Foul
3580715|17776|390370|Y|Dissent
3580715|10870|476339|Y|Dissent
3580715|10870|323838|R|Foul
3580715|10870|189682|Y|Dissent
3580715|17776|739392|Y|Foul
3580718|2462|31005|Y|Null
3580718|679|658678|Y|Foul
3580718|679|530737|Y|Null
3580716|6600|815686|Y|Foul
3580716|6600|181780|Y|Dissent
3580716|1023|340840|R|Null
3580716|1023|737821|Y|Null
3580716|1023|112940|Y|Null
3580716|6600|104326|Y|Foul
3580717|10010|72451|Y|Dissent
3580717|10010|77059|Y|Foul
3580717|10010|418530|Y|Foul
3580717|10010|212114|Y|Dissent
3580719|8718|104509|Y|Foul
3580719|8718|264284|Y|Foul
3580719|221|373150|Y|Foul
3580719|8718|546033|Y|Foul
3580719|8718|142216|Y|Foul
3580720|10492|128823|Y|Foul
3580720|10492|349166|Y|Foul
3580720|10492|686333|Y|Foul
3580721|199|408958|Y|Foul
3580721|585|401526|Y|Null
3580722|8793|479587|Y|Foul
3580722|2029|435163|Y|Foul
3580722|2029|538234|Y|Foul
3580722|2029|645600|Y|Foul
3580722|2029|645600|R|Foul
3580723|15172|322588|Y|Null
3580723|15172|670940|Y|Foul
3580724|614|4248|Y|Foul
3580724|614|353108|Y|Foul
3580724|28022|166032|Y|Foul
3580724|614|185966|Y|Dissent
3580724|614|213605|Y|Null
3580724|28022|392809|Y|Dissent
3580724|28022|546218|Y|Null
3580724|614|876343|Y|Foul
3583802|221|76100|Y|Foul
3583802|2863|53999|Y|Foul
3583802|221|606850|Y|Foul
3583802|2863|476336|Y|Foul
3583802|221|373150|Y|Dissent
3583802|2863|423839|Y|Foul
3583802|2863|727747|Y|Null
3583806|10870|161188|Y|Foul
3583806|679|670965|Y|Null
3583806|10870|688684|Y|Null
3583806|10870|265660|Y|Null
3583806|679|646402|Y|Time wasting
3583806|679|788861|Y|Time wasting
3583800|199|725049|Y|Foul
3583800|6600|104326|Y|Foul
3583800|199|671145|Y|Foul
3583800|6600|169052|Y|Foul
3583807|10010|561214|Y|Foul
3583807|17776|224047|Y|Foul
3583807|17776|555634|Y|Foul
3583799|614|735570|Y|Foul
3583799|2462|520454|Y|Foul
3583799|614|213605|Y|Foul
3583805|1023|75435|Y|Foul
3583805|8718|323452|Y|Foul
3583805|8718|282502|Y|Dissent
3583801|8793|270188|Y|Null
3583801|585|574904|Y|Null
3583801|8793|574765|Y|Null
3583804|10492|726005|Y|Foul
3583804|10492|726005|R|Foul
3583804|2029|80815|Y|Foul
3583804|2029|375242|Y|Foul
3583804|10492|451338|Y|Foul
3583808|28022|538236|Y|Foul
3583808|330|480774|Y|Foul
3583808|28022|74747|Y|Null
3583808|28022|587328|Y|Dissent
3583808|28022|672292|Y|Foul
3583808|28022|347100|Y|Foul
3583808|330|599879|Y|Null
3583803|210|468323|Y|Null
3583803|210|145400|Y|Foul
3583803|210|789082|Y|Dissent
3583811|221|743589|Y|Null
3583811|221|373150|Y|Foul
3583811|679|45431|Y|Foul
3583811|679|404321|Y|Foul
3583814|10870|508930|Y|Null
3583814|10870|607854|Y|Time wasting
3583814|2863|727747|Y|Foul
3583815|10010|392487|Y|Foul
3583815|10492|544895|Y|Foul
3583815|10010|418530|Y|Foul
3583815|10492|166483|Y|Foul
3583815|10492|412594|Y|Foul
3583816|28022|606716|Y|Foul
3583816|8793|74314|Y|Foul
3583816|8793|70784|Y|Foul
3583816|8793|580572|Y|Null
3583816|28022|128855|Y|Time wasting
3583810|1023|608216|Y|Foul
3583810|210|552549|Y|Foul
3583810|210|789082|Y|Dissent
3583810|1023|808509|Y|Foul
3583812|614|735570|Y|Null
3583812|330|599879|Y|Foul
3583818|15172|476362|Y|Dissent
3583818|15172|519851|Y|Null
3583818|8718|323452|Y|Dissent
3583818|15172|305428|Y|Dissent
3583818|15172|375690|Y|Foul
3583809|2462|520454|Y|Foul
3583809|2029|106281|Y|Dissent
3583809|2029|645600|Y|Foul
3583809|2462|178940|Y|Foul
3583809|2029|646679|Y|Foul
3583813|6600|875511|Y|Foul
3583813|585|177534|Y|Null
3583813|585|553459|Y|Foul
3583813|585|403296|Y|Foul
3583813|6600|186922|Y|Dissent
3583817|17776|390370|Y|Null
3583817|17776|442818|Y|Null
3583817|17776|376640|Y|Null
3583820|221|215212|Y|Foul
3583820|221|97507|Y|Foul
3583820|1023|112940|Y|Dissent
3583820|221|74758|Y|Foul
3583820|221|743589|Y|Foul
3583820|221|596586|Y|Foul
3583820|221|255989|Y|Foul
3583823|6600|552912|Y|Foul
3583823|6600|181780|Y|Foul
3583823|210|468323|Y|Foul
3583826|8793|580572|Y|Foul
3583826|8793|440658|Y|Foul
3583826|8793|412365|Y|Dissent
3583826|8793|612162|Y|Foul
3583821|10010|346870|Y|Foul
3583822|330|341701|Y|Foul
3583822|2863|250010|Y|Foul
3583825|8718|346072|Y|Null
3583825|2462|74789|Y|Null
3583825|2462|27349|Y|Time wasting
3583825|2462|668228|Y|Foul
3583827|10492|868101|Y|Foul
3583827|10492|686333|Y|Foul
3583827|15172|538107|Y|Null
3583827|15172|364972|Y|Null
3583819|614|248410|Y|Foul
3583819|17776|698742|Y|Foul
3583819|17776|442818|Y|Null
3583819|17776|118007|Y|Null
3583819|614|288431|Y|Foul
3583819|614|213605|Y|Foul
3583828|2029|155470|Y|Foul
3583828|28022|606716|Y|Null
3583828|28022|606716|R|Foul
3583828|2029|80815|Y|Dissent
3583824|10870|508930|Y|Dissent
3583824|10870|344626|Y|Null
3583824|199|101469|Y|Foul
3583824|199|263032|Y|Foul
3583824|10870|193135|Y|Dissent
3583824|10870|265660|Y|Foul
3583824|199|582301|Y|Foul
3583831|585|92729|Y|Foul
3583831|585|403296|Y|Foul
3583831|10870|55250|Y|Dissent
3583831|585|491599|Y|Foul
3583831|10870|373189|Y|Null
3583834|2029|538234|Y|Foul
3583834|679|670965|Y|Null
3583834|2029|375242|Y|Foul
3583834|2029|692933|Y|Foul
3583834|679|149572|Y|Foul
3583834|679|187210|Y|Foul
3583830|330|109038|Y|Foul
3583830|330|273000|Y|Foul
3583829|210|815673|Y|Dissent
3583829|210|145400|Y|Foul
3583829|2462|178940|Y|Dissent
3583829|210|351903|Y|Dissent
3583829|210|33315|Y|Dissent
3583837|17776|177009|Y|Foul
3583837|28022|128855|Y|Foul
3583837|17776|118007|Y|Foul
3583837|28022|177381|Y|Foul
3583838|15172|305428|Y|Dissent
3583838|1023|674732|Y|Foul
3583838|15172|375690|Y|Foul
3583835|10010|741021|Y|Dissent
3583835|614|4248|Y|Dissent
3583835|10010|164013|Y|Foul
3583835|10010|406676|Y|Foul
3583835|10010|378975|Y|Foul
3583835|10010|686332|Y|Foul
3583833|10492|686333|Y|Foul
3583833|6600|875511|Y|Foul
3583833|6600|169052|Y|Dissent
3583833|6600|681693|Y|Null
3583833|6600|815686|Y|Foul
3583833|10492|166483|Y|Dissent
3583833|10492|726005|R|Serious foul
3583833|10492|544895|Y|Dissent
3583833|10492|14881|Y|Dissent
3583836|221|74758|Y|Null
3583836|8793|503052|Y|Foul
3583836|8793|412367|Y|Foul
3583836|221|587786|Y|Dissent
3583836|8793|374136|Y|Foul
3583836|221|373150|Y|Foul
3583836|221|74373|Y|Foul
3583836|221|646404|Y|Foul
3583836|221|668267|Y|Taking of shirt
3583832|8718|389942|Y|Dissent
3583832|2863|879236|Y|Foul
3583832|8718|515496|Y|Time wasting
3583832|8718|237851|Y|Foul
3583843|2863|879236|Y|Foul
3583843|210|815673|Y|Foul
3583843|2863|75080|Y|Null
3583843|2863|312684|Y|Foul
3583843|210|570582|Y|Dissent
3583843|210|33947|Y|Dissent
3583840|2462|31005|Y|Foul
3583840|1023|35537|Y|Null
3583840|2462|113586|Y|Null
3583842|10010|212114|Y|Foul
3583842|330|109038|Y|Null
3583842|330|54155|Y|Dissent
3583839|585|729264|Y|Null
3583839|585|225617|Y|Dissent
3583839|614|172054|Y|Foul
3583839|614|210747|Y|Dissent
3583839|614|21725|Y|Foul
3583839|585|668268|Y|Null
3583839|585|282544|Y|Foul
3583839|585|552240|Y|Foul
3583839|585|189418|Y|Mass confrontation
3583844|10870|347909|Y|Foul
3583844|10870|273442|Y|Foul
3583844|10870|379198|Y|Foul
3583844|10870|508930|Y|Foul
3583844|8793|412365|Y|Foul
3583841|221|275412|Y|Foul
3583841|15172|305428|Y|Foul
3583841|221|74758|Y|Null
3583841|15172|291963|Y|Time wasting
3583846|679|788861|Y|Foul
3583846|679|670965|Y|Foul
3583846|6600|186399|Y|Dissent
3583846|6600|489893|Y|Foul
3583846|6600|288496|Y|Foul
3583846|679|691906|Y|Time wasting
3583846|679|404321|Y|Foul
3583845|2029|646679|Y|Foul
3583845|8718|840431|Y|Foul
3583845|8718|346072|Y|Foul
3583845|8718|393835|Y|Foul
3583845|8718|282502|Y|Foul
3583847|10492|14881|Y|Time wasting
3583847|10492|205179|Y|Foul
3583847|17776|555634|Y|Null
3583847|10492|435331|Y|Foul
3583847|10492|435253|Y|Foul
3583847|10492|686333|Y|Time wasting
3583848|199|263032|Y|Foul
3583848|28022|166032|Y|Foul
3583848|28022|672292|Y|Null
3583848|28022|187759|R|Violent conduct
3583871|585|553469|Y|Foul
3583871|1023|542598|Y|Foul
3583871|1023|35537|Y|Dissent
3583871|585|468304|Y|Foul
3583871|1023|808509|Y|Foul
3583871|585|33357|Y|Null
3583871|585|282544|R|Null
3583873|28022|392809|Y|Dissent
3583873|6600|104326|Y|Foul
3583873|28022|373194|Y|Dissent
3583873|6600|368468|Y|Dissent
3583873|6600|368468|R|Dissent
3583873|28022|128855|Y|Foul
3583876|210|32568|Y|Foul
3583876|210|182216|Y|Foul
3583876|8793|612162|Y|Foul
3583870|199|725049|Y|Foul
3583870|614|248410|Y|Foul
3583872|330|54155|Y|Null
3583872|679|45431|Y|Null
3583872|330|627231|Y|Null
3583872|679|658678|Y|Null
3583872|330|89718|Y|Null
3583872|330|89718|R|Null
3583872|679|633212|Y|Null
3583875|10010|689737|Y|Null
3583875|10010|212114|Y|Null
3583875|8718|642689|Y|Null
3583875|8718|676035|Y|Null
3583875|8718|142216|Y|Null
3583877|17776|417084|Y|Dissent
3583877|17776|417084|R|Abuse
3583874|10870|379198|Y|Foul
3583874|2029|538234|Y|Foul
3583874|10870|373189|Y|Foul
3583874|10870|55250|Y|Foul
3583874|2029|106281|Y|Dissent
3583874|2029|742855|Y|Time wasting
3583878|15172|364972|Y|Dissent
3583878|15172|552242|Y|Foul
3583878|15172|519851|Y|Dissent
3583878|15172|575375|Y|Foul
3583869|10492|435331|Y|Foul
3583869|2462|588989|Y|Foul
3583869|2462|198250|Y|Foul
3583865|8718|840431|Y|Foul
3583865|8793|580572|Y|Foul
3583865|8718|282502|Y|Foul
3583865|8718|388397|Y|Foul
3583866|585|729264|Y|Foul
3583866|585|552240|Y|Foul
3583866|679|530737|Y|Foul
3583866|679|45431|Y|Dissent
3583866|585|189418|R|Null
3583866|585|352041|Y|Null
3583866|585|491599|Y|Time wasting
3583860|1023|662325|Y|Foul
3583860|10870|508930|Y|Foul
3583860|1023|225432|Y|Foul
3583860|1023|215390|Y|Null
3583860|10870|508930|R|Foul
3583860|1023|234538|Y|Foul
3583860|1023|737821|Y|Foul
3583860|1023|234538|R|Foul
3583860|10870|823291|Y|Taking of shirt
3583868|10010|212114|Y|Foul
3583868|28022|128855|Y|Foul
3583868|28022|538236|R|Null
3583868|10010|37934|Y|Foul
3583861|221|215212|Y|Foul
3583861|199|725049|Y|Foul
3583862|2462|815558|Y|Foul
3583862|2462|178940|Y|Foul
3583862|2863|75111|Y|Foul
3583862|2863|95087|Y|Foul
3583867|330|662453|Y|Foul
3583867|10492|104590|Y|Foul
3583867|330|385271|Y|Null
3583867|330|239294|Y|Foul
3583859|614|4248|Y|Dissent
3583859|614|244275|Y|Dissent
3583859|614|244275|R|Dissent
3583859|6600|571219|Y|Foul
3583864|2029|538234|Y|Null
3583864|2029|106281|Y|Dissent
3583864|15172|316067|Y|Foul
3583864|15172|268522|Y|Foul
3583863|17776|118007|Y|Foul
3583863|17776|555634|Y|Foul
3583863|17776|593653|Y|Foul
3583863|210|570582|Y|Foul
3583856|8793|351898|Y|Dissent
3583856|8793|412365|Y|Foul
3583856|10492|45720|Y|Foul
3583856|10492|726005|Y|Foul
3583856|8793|612162|Y|Foul
3583856|8793|459115|Y|Foul
3583856|10492|104590|Y|Foul
3583856|10492|349166|Y|Null
3583852|1023|737821|Y|Foul
3583852|1023|737821|R|Foul
3583852|330|239294|Y|Null
3583852|330|50669|Y|Handball
3583851|210|32568|Y|Foul
3583851|585|225617|Y|Foul
3583851|585|177534|Y|Foul
3583851|585|553459|Y|Foul
3583849|8718|328758|Y|Foul
3583849|614|353108|Y|Foul
3583849|614|594226|Y|Foul
3583849|614|210747|Y|Null
3583849|614|876343|Y|Null
3583850|199|13835|Y|Foul
3583850|2029|80815|Y|Foul
3583854|10870|161188|Y|Foul
3583854|10870|265660|Y|Foul
3583854|221|255989|Y|Time wasting
3583855|10010|418530|Y|Foul
3583855|10010|284321|Y|Foul
3583858|679|187210|Y|Foul
3583858|28022|672202|Y|Foul
3583853|6600|489893|Y|Foul
3583853|6600|186922|Y|Foul
3583857|2863|75080|Y|Foul
3583857|17776|52828|Y|Foul
3583857|17776|52828|R|Violent conduct
3583888|17776|373299|Y|Foul
3583888|15172|316067|Y|Foul
3583888|17776|593653|Y|Foul
3583888|17776|417084|Y|Time wasting
3583888|17776|118007|Y|Foul
3583888|17776|177009|Y|Foul
3583888|15172|476362|R|Null
3583888|15172|519854|Y|Dissent
3583883|10010|164013|Y|Foul
3583883|210|218118|Y|Dissent
3583887|10492|435331|Y|Null
3583887|10870|508930|Y|Foul
3583880|28022|606716|Y|Null
3583880|1023|243541|Y|Null
3583884|614|735570|Y|Foul
3583884|614|4248|Y|Dissent
3583886|679|363794|Y|Foul
3583886|679|45431|R|Violent conduct
3583881|221|373150|Y|Null
3583881|6600|186922|Y|Null
3583881|221|671572|Y|Null
3583881|6600|45319|Y|Null
3583885|585|401526|Y|Null
3583885|8718|104509|Y|Foul
3583885|8718|282502|Y|Dissent
3583885|585|403296|Y|Foul
3583879|2462|800175|Y|Foul
3583879|330|80562|Y|Foul
3583879|330|440652|Y|Foul
3583879|2462|76608|Y|Foul
3583879|2462|346935|Y|Foul
3583879|330|162883|Y|Null
3583879|330|385271|Y|Null
3583882|2863|787269|Y|Foul
3583882|2863|84486|Y|Foul
3583895|8718|53262|Y|Foul
3583895|8718|53262|R|Repeated Foul
3583895|17776|227986|Y|Dissent
3583891|221|74373|Y|Foul
3583891|614|43722|Y|Foul
3583891|614|4248|Y|Null
3583891|221|816143|Y|Foul
3583891|614|411838|Y|Foul
3583891|614|208681|Y|Foul
3583891|221|587786|Y|Foul
3583891|221|215212|Y|Foul
3583890|1023|225432|Y|Foul
3583890|1023|243541|Y|Foul
3583890|1023|35537|Y|Foul
3583893|210|50047|Y|Dissent
3583893|210|50047|R|Violent conduct
3583893|199|50144|Y|Foul
3583893|199|671145|Y|Null
3583892|2029|106281|Y|Null
3583892|2863|787269|Y|Dissent
3583892|2029|80815|Y|Foul
3583897|585|403296|Y|Null
3583897|10492|110650|Y|Dissent
3583897|585|574904|Y|Foul
3583897|585|552240|Y|Foul
3583897|10492|75058|Y|Dissent
3583897|585|33357|Y|Foul
3583897|585|223560|Y|Dissent
3583898|15172|305428|Y|Null
3583898|6600|181780|Y|Foul
3583898|6600|571219|Y|Dissent
3583896|330|364261|Y|Foul
3583896|8793|612162|Y|Time wasting
3583896|8793|374136|Y|Foul
3583896|8793|101506|Y|Foul
3583896|330|162883|Y|Dissent
3583896|330|629077|Y|Dissent
3583896|330|294798|Y|Foul
3583889|10010|212114|Y|Foul
3583889|10010|689737|Y|Foul
3583889|2462|520454|Y|Foul
3583889|2462|800176|Y|Foul
3583889|10010|164013|Y|Dissent
3583889|10010|284321|Y|Foul
3583894|28022|392809|Y|Foul
3583894|28022|177381|Y|Foul
3583894|28022|446408|Y|Foul
3583894|10870|823291|Y|Dissent
3583894|28022|606716|Y|Foul
3583894|10870|508930|Y|Foul
3583894|28022|587328|Y|Dissent
3583905|10010|598975|Y|Dissent
3583905|10010|689737|Y|Foul
3583905|10010|406676|Y|Null
3583905|10870|55250|Y|Null
3583908|28022|672202|Y|Foul
3583908|221|255989|Y|Foul
3583908|28022|446408|Y|Null
3583908|28022|41052|Y|Taking of shirt
3583906|679|149572|Y|Foul
3583906|8718|52897|Y|Null
3583906|8718|52897|R|Dissent
3583906|8718|515496|Y|Time wasting
3583900|10492|539224|Y|Foul
3583900|199|636314|Y|Null
3583900|199|101469|Y|Foul
3583900|10492|75058|Y|Time wasting
3583900|10492|412594|Y|Foul
3583900|10492|435253|Y|Null
3583900|199|47592|Y|Foul
3583901|585|139867|Y|Foul
3583901|585|33357|Y|Dissent
3583901|2863|26456|Y|Foul
3583901|585|225617|Y|Foul
3583904|2029|733578|Y|Foul
3583904|2029|106281|Y|Dissent
3583904|2029|515638|Y|Dissent
3583904|1023|225432|Y|Time wasting
3583904|2029|265693|Y|Foul
3583904|1023|69400|Y|Time wasting
3583903|6600|552912|Y|Null
3583903|6600|678439|Y|Foul
3583903|8793|412365|Y|Dissent
3583903|6600|268642|Y|Foul
3583903|6600|288496|Y|Foul
3583903|8793|101506|Y|Foul
3583903|6600|670968|Y|Foul
3583902|210|218118|Y|Null
3583902|210|211397|Y|Null
3583902|330|480774|Y|Null
3583902|330|364261|Y|Foul
3583902|330|50669|Y|Foul
3583902|210|32568|Y|Foul
3583902|210|491553|Y|Handball
3583902|330|54155|Y|Foul
3583902|210|75615|Y|Foul
3583902|330|385271|Y|Foul
3583902|210|33947|Y|Foul
3583899|614|244275|Y|Dissent
3583899|614|203394|Y|Foul
3583899|15172|520480|Y|Foul
3583932|2863|75111|Y|Foul
3583932|679|646402|Y|Foul
3583937|10492|539224|Y|Foul
3583937|28022|672292|Y|Foul
3583937|10492|868101|Y|Foul
3583937|28022|41052|Y|Foul
3583937|28022|177381|Y|Foul
3583937|28022|446408|Y|Time wasting
3583937|28022|392809|Y|Null
3583937|10492|75058|Y|Null
3583937|28022|392809|R|Dissent
3583936|17776|698742|Y|Handball
3583936|8793|580572|Y|Foul
3583936|8793|412365|Y|Foul
3583936|8793|503052|Y|Foul
3583936|17776|118007|Y|Foul
3583936|8793|574765|Y|Foul
3583931|10010|260801|Y|Foul
3583931|10010|546530|Y|Foul
3583931|10010|72451|Y|Dissent
3583931|221|606850|Y|Foul
3583931|10010|284321|Y|Foul
3583930|614|432895|Y|Foul
3583930|614|213605|Y|Foul
3583930|1023|225432|R|Serious foul
3583934|330|54155|Y|Null
3583934|10870|273442|Y|Foul
3583934|330|239294|Y|Foul
3583938|199|792345|Y|Foul
3583938|15172|538107|Y|Foul
3583938|15172|519854|Y|Dissent
3583938|15172|520480|Y|Foul
3583938|15172|305428|Y|Dissent
3583938|199|13835|Y|Null
3583929|585|553459|Y|Foul
3583929|2462|31005|Y|Null
3583929|2462|520454|Y|Foul
3583929|2462|175179|Y|Null
3583929|585|33357|Y|Foul
3583929|585|282544|Y|Foul
3583929|2462|800176|Y|Foul
3583929|585|454181|Y|Foul
3583929|2462|51356|Y|Time wasting
3583935|8718|353722|Y|Foul
3583935|8718|389942|Y|Foul
3583935|8718|104509|Y|Null
3583935|6600|489893|Y|Foul
3583935|8718|346072|Y|Foul
3583927|1023|737821|Y|Foul
3583927|17776|376640|Y|Foul
3583927|1023|35537|Y|Foul
3583927|17776|564684|Y|Dissent
3583926|10492|104590|R|Serious foul
3583926|679|442258|Y|Foul
3583926|10492|374094|Y|Time wasting
3583926|679|149572|Y|Dissent
3583926|679|633212|Y|Foul
3583926|679|553458|Y|Time wasting
3583926|679|484848|Y|Foul
3583922|8718|142216|Y|Foul
3583922|330|385271|Y|Handball
3583922|8718|282502|Y|Foul
3583922|330|364261|Y|Time wasting
3583922|8718|292152|Y|Handball
3583924|2029|716388|Y|Foul
3583924|2029|401539|Y|Handball
3583924|221|76100|Y|Foul
3583924|221|97507|Y|Foul
3583924|2029|515638|Y|Foul
3583925|8793|101506|Y|Dissent
3583925|8793|612162|Y|Foul
3583925|10010|37934|Y|Null
3583925|8793|468247|Y|Null
3583925|8793|649055|Y|Foul
3583923|10870|476339|Y|Foul
3583923|6600|181780|Y|Dissent
3583923|6600|552912|Y|Foul
3583923|6600|268642|R|Violent conduct
3583923|10870|373189|R|Violent conduct
3583923|6600|368468|Y|Climbing fence
3583921|15172|538107|Y|Foul
3583921|585|403296|Y|Foul
3583921|15172|322588|Y|Dissent
3583920|199|213606|Y|Foul
3583919|210|211397|Y|Dissent
3583919|210|346922|Y|Foul
3583919|614|43722|Y|Foul
3583919|210|789082|Y|Foul
3583919|614|353108|Y|Null
3583919|210|874853|Y|Foul
3583919|614|172054|Y|Foul
3583928|2462|546172|Y|Foul
3583928|28022|587328|Y|Foul
3583928|2462|178940|Y|Foul
3583928|28022|166032|R|Violent conduct
3583928|28022|133522|Y|Foul
3583914|17776|227986|Y|Null
3583914|17776|546532|Y|Foul
3583914|17776|432957|Y|Null
3583914|17776|546532|R|Foul
3583910|1023|737821|Y|Null
3583910|199|47592|Y|Foul
3583911|330|592344|Y|Foul
3583911|585|33357|Y|Foul
3583912|2863|544259|Y|Foul
3583912|614|594226|Y|Foul
3583909|8793|656409|Y|Foul
3583909|2462|546172|Y|Null
3583909|8793|649055|Y|Foul
3583909|2462|815558|Y|Foul
3583913|10010|148231|Y|Foul
3583913|6600|670969|Y|Foul
3583913|10010|164013|Y|Foul
3583913|6600|104326|Y|Null
3583917|10492|75058|Y|Foul
3583917|10492|686333|Y|Dissent
3583917|10492|868101|Y|Foul
3583915|8718|52897|Y|Null
3583915|8718|546033|Y|Foul
3583915|8718|389942|Y|Null
3583915|8718|681693|Y|Foul
3583915|10870|508930|Y|Foul
3583915|10870|344626|Y|Foul
3583915|8718|323452|Y|Foul
3583916|210|555015|Y|Foul
3583916|210|211397|Y|Foul
3583916|679|484848|Y|Foul
3583916|210|75615|Y|Foul
3583916|210|33947|Y|Foul
3583916|210|874853|Y|Foul
3583918|28022|151505|Y|Foul
3583918|15172|519851|Y|Foul
3583918|28022|672292|Y|Null
3583918|28022|672202|Y|Null
3583918|28022|876343|Y|Foul
3583944|15172|519854|Y|Foul
3583944|15172|291963|Y|Time wasting
3583944|15172|538107|Y|Foul
3583944|10870|607854|Y|Foul
3583944|15172|520480|Y|Time wasting
3583948|2863|543614|Y|Foul
3583948|2863|95087|Y|Foul
3583948|28022|128855|Y|Foul
3583942|330|480774|Y|Foul
3583942|6600|181780|Y|Foul
3583942|330|50669|Y|Foul
3583942|330|346766|Y|Foul
3583942|6600|104326|Y|Foul
3583942|330|273000|Y|Foul
3583939|679|442258|Y|Foul
3583939|614|248410|Y|Foul
3583939|614|43722|Y|Dissent
3583939|679|643750|Y|Foul
3583947|17776|578630|Y|Foul
3583947|585|491599|Y|Null
3583940|1023|114937|Y|Foul
3583940|10492|205179|Y|Foul
3583943|210|445101|Y|Null
3583943|8718|388397|Y|Null
3583943|210|436385|Y|Null
3583941|221|646404|Y|Null
3583941|2462|856085|Y|Null
3583941|221|74758|Y|Time wasting
3583941|2462|546172|Y|Foul
3583945|2029|435163|Y|Foul
3583945|10010|741021|Y|Foul
3583945|10010|72451|Y|Foul
3583945|10010|555018|Y|Foul
3583945|2029|645600|Y|Foul
3583945|2029|645600|R|Foul
3583950|10010|555018|Y|Null
3583950|10010|555018|R|Handball
3583954|2029|435163|Y|Foul
3583954|6600|368468|Y|Foul
3583954|2029|265693|Y|Foul
3583954|6600|268642|Y|Dissent
3583954|2029|106281|Y|Dissent
3583954|2029|538234|Y|Foul
3583954|2029|733578|Y|Foul
3583955|10492|77262|Y|Foul
3583955|8718|388397|Y|Foul
3583955|8718|52897|Y|Null
3583955|10492|45720|Y|Null
3583957|17776|137726|Y|Foul
3583957|330|440652|Y|Handball
3583957|17776|417084|Y|Dissent
3583958|679|261309|Y|Foul
3583958|15172|375690|Y|Foul
3583958|679|633212|Y|Foul
3583958|15172|305428|Y|Foul
3583958|15172|519854|Y|Foul
3583958|679|484848|Y|Foul
3583956|614|203394|Y|Null
3583956|614|353108|Y|Foul
3583956|8793|612162|Y|Foul
3583956|614|281404|Y|Foul
3583949|10870|189740|Y|Foul
3583949|10870|476339|Y|Foul
3583949|2462|800175|Y|Foul
3583949|2462|31005|Y|Null
3583952|1023|608216|Y|Foul
3583952|2863|294804|Y|Foul
3583952|1023|345084|Y|Handball
3583952|2863|95087|Y|Foul
3583952|1023|35537|Y|Handball
3583953|210|346922|Y|Foul
3583953|28022|169179|Y|Foul
3583953|210|68747|Y|Dissent
3583953|28022|378189|Y|Foul
3583951|221|813108|Y|Null
3583951|585|729264|Y|Foul
3583951|221|74758|Y|Foul
3583951|221|606136|Y|Null
3583951|221|255989|Y|Handball
3583959|15172|862554|Y|Dissent
3583959|15172|375690|Y|Foul
3583959|2462|856085|Y|Foul
3583959|2462|175179|Y|Foul
3583962|2029|865572|Y|Foul
3583962|2029|401539|Y|Foul
3583962|330|239294|Y|Foul
3583962|2029|435163|Y|Foul
3583965|8718|346072|Y|Foul
3583965|8718|282502|Y|Taking of shirt
3583965|8718|353722|Y|Foul
3583964|614|213605|Y|Null
3583964|614|172054|Y|Foul
3583964|10870|688684|R|Violent conduct
3583966|679|149572|Y|Dissent
3583966|10010|99439|Y|Time wasting
3583966|10010|381032|Y|Foul
3583960|8793|101506|Y|Foul
3583960|8793|432773|Y|Dissent
3583960|1023|627221|Y|Foul
3583967|10492|205179|Y|Foul
3583967|2863|544259|Y|Foul
3583967|2863|206097|Y|Null
3583967|10492|544895|Y|Foul
3583967|10492|539224|Y|Foul
3583967|10492|75058|Y|Foul
3583967|10492|104590|Y|Null
3583967|10492|868101|Y|Foul
3583967|2863|543614|Y|Foul
3583963|6600|530421|Y|Time wasting
3583963|17776|546532|Y|Foul
3583963|6600|868060|Y|Foul
3583963|6600|368468|Y|Foul
3583961|210|445101|Y|Null
3583961|210|346922|Y|Foul
3583961|221|221899|Y|Foul
3583961|210|75615|Y|Foul
3583961|210|145400|Y|Foul
3583961|210|218118|Y|Foul
3583961|210|33947|Y|Foul
3583961|221|587786|Y|Dissent
3583961|221|74373|Y|Null
3583961|221|37536|Y|Time wasting
3583961|210|33947|R|Null
3583968|585|553459|Y|Foul
3583968|28022|347100|Y|Foul
3583968|28022|151505|Y|Foul
3583968|585|668268|Y|Foul
3583996|15172|538107|Y|Foul
3583996|8793|614328|Y|Foul
3583996|8793|614328|R|Repeated Foul
3583996|15172|862554|Y|Foul
3583996|15172|268522|Y|Foul
3583996|15172|670940|Y|Foul
3583996|8793|374136|Y|Time wasting
3583995|10010|446850|Y|Dissent
3583995|1023|340840|Y|Null
3583995|10010|418530|Y|Foul
3583995|1023|371009|Y|Null
3583995|1023|674732|R|Violent conduct
3583995|10010|866670|Y|Null
3583995|10010|148231|Y|Foul
3583989|10492|323838|Y|Foul
3583989|10492|75058|Y|Foul
3583989|614|21725|Y|Foul
3583989|10492|686333|Y|Foul
3583989|614|212209|Y|Foul
3583992|221|349583|Y|Taking of shirt
3583992|221|76100|Y|Null
3583992|221|275412|Y|Dissent
3583992|221|606850|Y|Foul
3583992|221|671572|Y|Foul
3583992|221|215212|Y|Null
3583992|221|74758|Y|Dissent
3583992|330|109038|Y|Foul
3583997|17776|942396|Y|Foul
3583997|17776|376640|Y|Null
3583997|679|484848|Y|Null
3583997|17776|227986|Y|Null
3583997|679|530737|Y|Foul
3583997|679|149572|Y|Foul
3583997|679|45431|Y|Foul
3583997|17776|698742|Y|Foul
3583997|679|858712|Y|Foul
3583994|10870|161188|Y|Foul
3583994|210|555015|Y|Null
3583994|10870|508930|Y|Null
3583994|210|76120|Y|Dissent
3583990|2462|271666|Y|Foul
3583990|199|47592|Y|Foul
3583993|2863|75111|Y|Foul
3583993|2863|423839|Y|Dissent
3583993|6600|875511|Y|Foul
3583991|2029|210548|Y|Null
3583991|585|33357|Y|Foul
3583991|2029|159893|Y|Time wasting
3583991|585|331057|Y|Foul
3583991|585|284727|Y|Foul
3583991|2029|436570|Y|Foul
3583998|28022|169179|Y|Foul
3583998|28022|876343|Y|Foul
3583998|28022|446408|Y|Foul
3583998|28022|672292|Y|Time wasting
3583987|17776|624291|Y|Foul
3583987|17776|546532|Y|Foul
3583987|17776|177009|Y|Foul
3583987|10870|265660|Y|Taking of shirt
3583982|2863|443721|Y|Foul
3583982|10010|148231|Y|Foul
3583982|10010|284321|Y|Foul
3583980|1023|35537|Y|Foul
3583980|6600|333159|Y|Foul
3583980|6600|104326|Y|Foul
3583980|6600|169052|R|Null
3583980|6600|45319|Y|Foul
3583980|1023|371009|Y|Foul
3583980|1023|330085|Y|Time wasting
3583980|6600|670969|Y|Null
3583986|679|729266|Y|Foul
3583986|2462|588989|Y|Foul
3583986|679|643750|Y|Null
3583983|10492|726005|Y|Foul
3583983|10492|91846|Y|Foul
3583983|210|218118|Y|Foul
3583983|10492|53965|Y|Null
3583984|8793|432166|Y|Foul
3583984|8793|707447|Y|Dissent
3583984|8793|459115|Y|Foul
3583984|2029|435163|Y|Null
3583984|8793|538978|Y|Time wasting
3583984|8793|902135|Y|Foul
3583984|8793|649055|Y|Foul
3583984|8793|612162|Y|Time wasting
3583984|2029|742855|Y|Taking of shirt
3583988|15172|305428|Y|Foul
3583979|28022|166032|Y|Foul
3583979|614|21725|Y|Dissent
3583985|221|74373|Y|Foul
3583985|221|671572|Y|Foul
3583985|221|177845|Y|Foul
3583985|8718|353722|Y|Foul
3583981|585|401526|Y|Null
3583981|199|671145|Y|Null
3583981|585|454181|Y|Foul
3583981|585|139867|Y|Foul
3583981|199|348263|Y|Foul
3583971|2863|271187|Y|Handball
3583971|221|215212|R|Null
3583971|2863|443721|Y|Foul
3583971|221|97507|Y|Null
3583977|2029|733578|Y|Foul
3583977|2029|270420|Y|Time wasting
3583977|10492|75058|Y|Foul
3583969|614|4248|Y|Foul
3583969|614|52896|Y|Null
3583969|2462|800176|Y|Foul
3583969|2462|856085|Y|Taking of shirt
3583969|2462|53226|Y|Foul
3583969|2462|198250|Y|Time wasting
3583969|2462|76608|Y|Taking of shirt
3583969|2462|178940|Y|Null
3583969|614|213605|Y|Null
3583974|679|153065|Y|Null
3583974|679|658678|Y|Foul
3583974|10870|161188|Y|Time wasting
3583974|10870|607854|Y|Foul
3583973|199|213606|Y|Foul
3583973|6600|181780|Y|Time wasting
3583973|6600|45319|Y|Null
3583973|6600|76028|Y|Foul
3583973|199|53058|Y|Foul
3583973|199|596426|R|Null
3583973|6600|333159|R|Null
3583973|199|50144|Y|Time wasting
3583976|8793|412365|Y|Null
3583976|8793|612162|Y|Foul
3583976|8793|432773|Y|Null
3583975|10010|483499|Y|Foul
3583975|17776|592342|Y|Foul
3583978|210|145400|Y|Foul
3583978|210|80499|Y|Foul
3583978|210|346922|Y|Foul
3583978|210|689017|Y|Foul
3583978|15172|519851|Y|Dissent
3583978|210|33947|Y|Null
3583978|210|80499|R|Null
3583978|210|372013|Y|Foul
3583978|15172|538107|Y|Null
3583978|210|211397|Y|Null
3583970|8718|346072|Y|Null
3583970|8718|546033|Y|Foul
3583970|8718|323452|Y|Foul
3583970|1023|215390|Y|Time wasting
3584006|221|275412|Y|Time wasting
3584006|679|484848|Y|Null
3584006|221|813108|Y|Foul
3583999|330|592344|Y|Foul
3583999|330|440652|Y|Foul
3583999|614|52896|Y|Foul
3583999|614|353108|Y|Time wasting
3583999|614|42373|Y|Time wasting
3583999|614|185966|Y|Null
3584007|10492|451338|Y|Foul
3584007|10492|686333|Y|Foul
3584007|10010|164013|Y|Foul
3584002|10870|347909|Y|Foul
3584002|10870|55250|Y|Foul
3584002|10870|232847|Y|Foul
3584002|10870|267849|Y|Foul
3584002|10870|607854|Y|Time wasting
3584003|210|145400|Y|Foul
3584003|210|351903|Y|Foul
3584003|1023|35537|Y|Null
3584003|210|346922|Y|Null
3584003|210|229736|Y|Foul
3584003|1023|178984|Y|Time wasting
3584004|2462|800176|Y|Null
3584004|2029|336474|R|Null
3584004|2029|210548|Y|Foul
3584004|2029|131101|Y|Foul
3584004|2029|436570|Y|Foul
3584004|2462|31005|Y|Null
3584004|2029|401539|Y|Null
3584001|6600|104326|Y|Foul
3584001|6600|633377|Y|Foul
3584005|15172|291963|Y|Time wasting
3584005|8718|52897|Y|Foul
3584005|15172|862554|Y|Foul
3584005|15172|268522|Y|Null
3584005|8718|323452|Y|Foul
3584005|8718|642689|Y|Climbing fence
3584005|8718|840431|Y|Foul
3584008|8793|371996|Y|Foul
3584008|8793|412367|Y|Foul
3584008|28022|151505|Y|Dissent
3584008|8793|374136|Y|Dissent
3584008|28022|672292|Y|Foul
3584000|17776|118007|Y|Foul
3584000|199|53058|Y|Foul
3584000|17776|417084|Y|Time wasting
3584000|17776|103743|Y|Null
3584000|17776|224047|Y|Null
3584010|10870|508930|Y|Null
3584010|10870|232847|Y|Foul
3584010|199|348263|Y|Foul
3584010|10870|161188|Y|Foul
3584010|199|47592|Y|Foul
3584010|199|263032|Y|Null
3584013|210|436385|Y|Null
3584013|6600|268642|Y|Foul
3584013|210|32568|Y|Null
3584013|6600|368468|Y|Time wasting
3584013|210|346922|Y|Null
3584013|210|182216|R|Null
3584013|6600|333159|R|Null
3584009|8718|676035|Y|Foul
3584009|2462|406675|Y|Foul
3584011|221|349583|Y|Foul
3584011|1023|215390|Y|Foul
3584011|1023|225432|Y|Foul
3584011|221|177845|Y|Foul
3584011|221|587786|Y|Foul
3584012|330|309193|Y|Foul
3584012|330|273000|Y|Time wasting
3584012|2863|787269|Y|Foul
3584012|2863|250010|Y|Foul
3584012|330|346766|Y|Foul
3584016|679|187210|Y|Foul
3584016|679|484848|Y|Foul
3584016|679|553458|Y|Foul
3584016|8793|614328|Y|Foul
3584016|8793|735568|Y|Null
3584015|585|282544|Y|Foul
3584015|585|401526|Y|Null
3584015|10010|689737|Y|Foul
3584014|2029|80815|Y|Foul
3584014|28022|587328|Y|Foul
3584014|2029|265693|Y|Time wasting
3584014|2029|401539|Y|Foul
3584017|614|594226|Y|Null
3584017|614|244275|Y|Null
3584017|17776|592342|Y|Foul
3584017|17776|592342|R|Foul
3584017|614|52896|R|Violent conduct
3584017|17776|113336|Y|Null
3584017|17776|137726|Y|Foul
3584017|614|411838|Y|Foul
3584018|10492|868101|Y|Foul
3584018|15172|538107|Y|Foul
3584018|10492|110650|Y|Taking of shirt
3584028|28022|373194|Y|Foul
3584028|17776|373299|Y|Foul
3584023|2462|520454|Y|Foul
3584023|210|218118|Y|Foul
3584023|210|75615|Y|Foul
3584023|210|145400|Y|Foul
3584026|679|658678|Y|Foul
3584026|679|646402|Y|Foul
3584026|2029|270420|Y|Time wasting
3584026|679|404321|Y|Null
3584026|2029|350342|R|Serious foul
3584026|679|140811|Y|Time wasting
3584021|8793|612162|Y|Foul
3584021|221|646404|Y|Foul
3584021|221|275412|Y|Time wasting
3584022|199|54375|Y|Null
3584022|330|346065|Y|Foul
3584022|330|346766|Y|Foul
3584022|199|13835|Y|Null
3584020|1023|808509|Y|Foul
3584020|15172|375690|Y|Foul
3584020|15172|670940|Y|Foul
3584020|15172|592373|Y|Foul
3584024|585|553469|Y|Foul
3584024|10870|161188|Y|Foul
3584024|585|468304|Y|Foul
3584024|585|189418|Y|Dissent
3584024|10870|189682|Y|Dissent
3584024|585|729264|Y|Null
3584024|585|37418|Y|Dissent
3584024|10870|51716|Y|Foul
3584024|10870|347909|Y|Foul
3584025|8718|142216|Y|Null
3584025|8718|840431|R|Serious foul
3584025|2863|435489|Y|Foul
3584025|2863|543614|Y|Foul
3584025|2863|101542|Y|Null
3584025|8718|346072|Y|Foul
3584027|6600|45319|Y|Foul
3584027|10492|75058|Y|Foul
3584027|6600|169052|Y|Foul
3584027|6600|181780|Y|Foul
3584027|6600|489893|Y|Null
3584027|10492|323838|Y|Null
3584019|10010|741021|Y|Foul
3584019|10010|284321|Y|Handball
3584019|10010|741021|R|Foul
3584019|614|4248|R|Violent conduct
3584019|10010|212114|R|Violent conduct
3584058|221|743589|Y|Null
3584058|221|606136|Y|Foul
3584058|221|596586|Y|Foul
3584058|15172|316067|Y|Null
3584058|15172|519851|Y|Dissent
3584052|2863|206097|Y|Null
3584052|2863|54274|Y|Null
3584052|210|555015|Y|Foul
3584052|2863|26456|Y|Dissent
3584053|6600|552912|Y|Foul
3584053|679|432967|Y|Foul
3584053|6600|186922|Y|Foul
3584053|679|45431|Y|Null
3584053|6600|368468|Y|Null
3584053|6600|104326|Y|Null
3584053|679|261309|Y|Null
3584053|6600|678439|Y|Null
3584053|6600|181780|Y|Foul
3584056|10870|538230|Y|Foul
3584056|8793|574765|Y|Null
3584056|10870|232847|Y|Null
3584056|10870|347909|Y|Null
3584056|10870|697056|Y|Foul
3584056|8793|612162|Y|Foul
3584056|8793|468247|Y|Time wasting
3584050|28022|672292|Y|Foul
3584050|199|636314|Y|Null
3584051|585|284727|R|Serious foul
3584051|614|594226|Y|Foul
3584051|585|480274|Y|Foul
3584049|1023|234538|Y|Foul
3584049|2462|31005|Y|Foul
3584049|1023|114937|Y|Foul
3584049|1023|35537|Y|Null
3584049|1023|178984|Y|Foul
3584049|1023|114937|R|Foul
3584049|2462|198250|Y|Foul
3584049|1023|69400|Y|Null
3584049|2462|875328|Y|Time wasting
3584049|1023|243541|Y|Unsporting behaviour
3584049|2462|53226|Y|Unsporting behaviour
3584049|1023|243541|R|Unsporting behaviour
3584049|2462|31005|R|Unsporting behaviour
3584054|8718|520082|Y|Dissent
3584054|2029|80815|Y|Dissent
3584054|8718|292152|Y|Foul
3584057|10492|868101|Y|Foul
3584057|17776|373299|Y|Foul
3584057|10492|539224|Y|Foul
3584057|10492|77262|Y|Time wasting
3584057|17776|624291|Y|Foul
3584057|17776|227462|Y|Null
3584055|10010|148231|Y|Foul
3584055|330|346766|Y|Dissent
3584055|330|162883|Y|Null
3584055|330|294798|Y|Foul
3584055|10010|418530|Y|Null
3584046|330|44779|Y|Null
3584046|679|363794|Y|Null
3584046|330|239294|Y|Null
3584043|8793|735568|Y|Null
3584041|17776|546532|Y|Foul
3584041|17776|698742|Y|Null
3584041|221|743598|Y|Foul
3584042|15172|520480|Y|Null
3584042|2863|101542|Y|Foul
3584048|6600|875511|Y|Foul
3584048|28022|41052|Y|Null
3584048|28022|392809|Y|Time wasting
3584048|28022|446408|Y|Foul
3584048|28022|187759|Y|Null
3584044|2029|210548|Y|Time wasting
3584044|2029|270420|Y|Time wasting
3584044|2029|336474|Y|Null
3584044|2029|131101|Y|Foul
3584044|10870|476339|Y|Null
3584040|1023|737821|Y|Foul
3584040|585|390368|Y|Time wasting
3584040|585|37418|Y|Null
3584047|2462|178940|Y|Foul
3584047|10492|726005|Y|Null
3584047|10492|435253|Y|Foul
3584039|199|736954|Y|Null
3584039|614|575373|Y|Null
3584039|199|671145|Y|Null
3584045|10010|164013|Y|Foul
3584045|10010|446850|Y|Foul
3584045|8718|346072|Y|Foul
3584045|10010|686332|Y|Dissent
3584036|8718|328758|Y|Null
3584036|8718|353722|Y|Foul
3584036|8718|840431|Y|Foul
3584036|8718|676034|Y|Null
3584036|8793|440658|Y|Time wasting
3584036|8718|642689|Y|Foul
3584036|8718|52897|Y|Foul
3584036|8793|74314|Y|Foul
3584036|8793|432773|Y|Time wasting
3584032|330|54155|Y|Foul
3584032|10492|205179|Y|Null
3584032|10492|539224|Y|Null
3584034|10870|373189|Y|Null
3584034|10870|476339|Y|Foul
3584034|1023|225432|Y|Foul
3584034|10870|347909|Y|Foul
3584034|1023|215390|Y|Dissent
3584037|17776|376640|Y|Foul
3584037|210|182216|Y|Time wasting
3584038|2029|401539|Y|Foul
3584038|2029|155470|Y|Foul
3584038|2029|106281|Y|Dissent
3584033|6600|552912|Y|Foul
3584033|6600|368468|Y|Null
3584033|614|244275|Y|Null
3584030|199|725049|Y|Foul
3584029|2863|543614|Y|Foul
3584029|2462|800176|Y|Foul
3584029|2863|271187|Y|Null
3584035|10010|406676|Y|Null
3584031|585|225617|Y|Foul
3584031|585|284727|Y|Null
3584031|679|140811|Y|Time wasting
3584031|679|432967|Y|Foul
3584031|585|403296|Y|Foul
3584060|1023|75435|Y|Foul
3584060|1023|608216|Y|Foul
3584060|330|44779|Y|Null
3584060|1023|662325|Y|Null
3584060|330|50669|Y|Foul
3584060|330|273000|Y|Handball
3584060|1023|243541|Y|Taking of shirt
3584059|2462|406675|Y|Foul
3584059|6600|104326|Y|Foul
3584059|2462|74789|Y|Foul
3584059|2462|346935|Y|Foul
3584059|6600|181780|Y|Foul
3584059|2462|686597|Y|Time wasting
3584059|2462|113586|Y|Foul
3584059|6600|268642|Y|Foul
3584059|6600|670969|Y|Dissent
3584059|6600|875511|R|Foul
3584059|6600|45319|Y|Dissent
3584061|10870|265660|Y|Foul
3584061|10870|476339|Y|Foul
3584061|221|646404|Y|Foul
3584061|221|668267|Y|Taking of shirt
3584061|221|255989|Y|Foul
3584064|2029|350342|Y|Foul
3584064|199|906774|Y|Foul
3584064|199|213606|Y|Foul
3584064|199|50144|Y|Null
3584064|199|47592|Y|Null
3584064|2029|270420|Y|Time wasting
3584064|2029|716388|Y|Null
3584068|10010|148231|Y|Foul
3584068|10010|689737|Y|Foul
3584068|15172|375690|Y|Foul
3584068|10010|406676|Y|Null
3584068|15172|364972|Y|Null
3584068|15172|552242|Y|Dissent
3584068|15172|670940|Y|Null
3584068|10010|406676|R|Foul
3584067|8793|101506|Y|Null
3584067|8793|612162|Y|Foul
3584067|10492|205179|Y|Foul
3584067|10492|686333|Y|Foul
3584067|8793|374136|Y|Foul
3584067|10492|72438|Y|Null
3584062|2863|206097|Y|Handball
3584062|17776|227986|Y|Foul
3584062|2863|543614|Y|Foul
3584062|17776|698742|Y|Null
3584063|585|282544|Y|Foul
3584063|210|75615|Y|Time wasting
3584063|210|878037|Y|Null
3584063|585|33357|Y|Null
3584063|210|211397|Y|Foul
3584066|679|643750|Y|Foul
3584066|28022|269860|Y|Null
3584066|28022|166032|Y|Null
3584066|28022|672292|Y|Foul
3584066|28022|411563|Y|Foul
3584066|679|153065|Y|Handball
3584066|679|261309|Y|Time wasting
3584066|679|484848|Y|Null
3584066|28022|392809|Y|Null
3584066|28022|41052|Y|Dissent
3584066|28022|392809|R|Dissent
3584065|614|212209|Y|Foul
3584065|8718|52897|Y|Null
3584065|8718|282502|Y|Foul
3584065|614|432895|Y|Null
3584065|614|411838|Y|Null
3584075|10010|77059|Y|Null
3584075|210|789082|Y|Null
3584075|10010|72451|Y|Foul
3584075|210|182216|Y|Null
3584075|10010|148231|Y|Foul
3584075|210|145400|Y|Foul
3584076|2863|26456|Y|Foul
3584076|8793|574765|Y|Foul
3584076|2863|435489|Y|Null
3584076|8793|374136|Y|Foul
3584076|8793|432773|Y|Foul
3584071|8718|840431|Y|Foul
3584070|679|658678|Y|Null
3584070|199|213606|Y|Foul
3584070|679|45431|Y|Dissent
3584070|199|671145|Y|Null
3584070|199|101469|Y|Null
3584070|199|47592|Y|Foul
3584070|199|13835|Y|Foul
3584072|330|440652|Y|Foul
3584072|330|385271|Y|Dissent
3584072|2462|198250|Y|Foul
3584072|330|346065|Y|Foul
3584072|2462|53226|Y|Foul
3584072|330|273000|Y|Foul
3584072|2462|668228|Y|Foul
3584072|330|44779|Y|Time wasting
3584072|330|239294|Y|Foul
3584073|6600|689505|Y|Null
3584073|221|574768|Y|Foul
3584069|614|244275|Y|Taking of shirt
3584069|2029|387611|Y|Foul
3584069|614|52896|Y|Foul
3584069|614|208681|Y|Foul
3584069|614|294873|Y|Foul
3584069|614|663578|Y|Foul
3584069|614|353108|Y|Dissent
3584078|28022|411563|Y|Foul
3584078|1023|627221|Y|Foul
3584078|28022|74747|Y|Foul
3584078|1023|574758|Y|Foul
3584078|28022|606716|Y|Foul
3584078|28022|169179|Y|Dissent
3584078|1023|627221|R|Taking of shirt
3584077|17776|103743|Y|Foul
3584077|15172|349737|Y|Foul
3584077|15172|375690|Y|Foul
3584077|17776|624291|Y|Null
3584074|10870|161188|Y|Foul
3584074|10870|344626|Y|Dissent
3584080|210|145400|Y|Foul
3584080|210|33947|Y|Foul
3584080|199|348263|Y|Null
3584080|210|32568|Y|Null
3584082|8793|412365|Y|Foul
3584082|8793|440658|Y|Dissent
3584082|330|80562|Y|Taking of shirt
3584085|2462|175179|Y|Handball
3584085|2462|74789|Y|Foul
3584085|10010|212114|R|Violent conduct
3584085|2462|113586|R|Violent conduct
3584085|2462|346935|Y|Foul
3584085|2462|31005|Y|Null
3584085|10010|164013|Y|Foul
3584085|10010|406676|Y|Foul
3584085|2462|51356|Y|Foul
3584084|2863|443721|Y|Time wasting
3584084|2863|435489|Y|Foul
3584081|585|223560|Y|Foul
3584081|10492|104590|Y|Handball
3584081|585|139867|Y|Foul
3584081|10492|75058|Y|Null
3584081|585|401526|Y|Null
3584081|585|553459|Y|Foul
3584081|585|403296|Y|Foul
3584081|10492|435253|Y|Foul
3584086|1023|351892|Y|Null
3584086|679|153065|Y|Null
3584079|614|432895|Y|Dissent
3584079|614|594226|Y|Foul
3584079|221|668267|Y|Taking of shirt
3584079|221|743589|Y|Foul
3584079|614|185966|Y|Foul
3584079|221|349583|Y|Foul
3584083|15172|529609|Y|Null
3584083|6600|571219|Y|Foul
3584083|6600|76028|Y|Null
3584083|15172|520480|Y|Null
3584083|6600|181780|Y|Foul
3584088|28022|128855|Y|Foul
3584088|10870|476339|Y|Null
3584088|10870|347909|Y|Foul
3584088|28022|672202|Y|Foul
3584087|17776|137726|Y|Null
3584087|17776|227462|Y|Dissent
3584087|17776|177009|R|Serious foul
3584087|8718|323452|Y|Foul
3584087|8718|346072|Y|Foul
3584087|8718|546033|Y|Dissent
3584087|17776|227986|Y|Foul
3584087|8718|292152|Y|Foul
3584089|17776|624291|Y|Foul
3584089|2462|53226|Y|Null
3584089|17776|626138|Y|Null
3584089|2462|668228|Y|Taking of shirt
3584089|2462|76608|Y|Taking of shirt
3584090|1023|796742|Y|Foul
3584090|1023|627224|Y|Foul
3584091|221|646404|Y|Foul
3584091|28022|269860|Y|Time wasting
3584091|28022|606716|Y|Time wasting
3584092|2863|476336|Y|Foul
3584092|2863|206097|Y|Null
3584092|585|546212|Y|Null
3584092|585|454181|Y|Null
3584093|210|346922|Y|Foul
3584093|210|75615|Y|Foul
3584093|330|662453|Y|Null
3584093|210|167724|Y|Foul
3584094|10870|27346|Y|Foul
3584094|10010|483499|Y|Time wasting
3584094|10870|379198|Y|Foul
3584094|10010|284321|Y|Handball
3584094|10870|265660|Y|Taking of shirt
3584094|10870|76191|Y|Time wasting
3584095|8718|419420|Y|Foul
3584095|679|55484|Y|Null
3584096|6600|268642|Y|Time wasting
3584096|6600|571219|Y|Dissent
3584096|6600|104326|Y|Foul
3584096|8793|612162|Y|Dissent
3584096|6600|489893|Y|Foul
3584096|6600|368468|Y|Foul
3584096|8793|374136|Y|Foul
3584096|8793|440658|Y|Taking of shirt
3584097|199|101469|Y|Foul
3584097|199|725049|Y|Foul
3584097|199|47592|R|Violent conduct
3584098|614|288431|Y|Foul
3584098|15172|538107|Y|Foul
3584098|614|273033|Y|Foul
3584098|15172|592373|Y|Foul
3584098|15172|529609|Y|Dissent
3584098|15172|364972|Y|Dissent